[
    {
        "title":"General",
        "icon":"",
        "children":[
            {
                "title":"Home",
                "icon":"",
                "path":"/"
            },
            {
                "title":"About",
                "icon":"",
                "path":"/"
            },
            {
                "title":"Contact",
                "icon":"",
                "children":[
                    {
                        "title":"FB",
                        "icon":""
                    },
                    {
                        "title":"TW",
                        "icon":""
                    }
                ]
            },
            {
                "title":"FAq",
                "icon":""
            }
        ]
    },
    {
        "title":"Accounts",
        "icon":"",
        "children":[
            {
                "title":"Home",
                "icon":"",
                "path":"/"
            },
            {
                "title":"About",
                "icon":"",
                "path":"/"
            },
            {
                "title":"Contact",
                "icon":"",
                "children":[
                    {
                        "title":"FB",
                        "icon":""
                    },
                    {
                        "title":"TW",
                        "icon":""
                    }
                ]
            },
            {
                "title":"FAq",
                "icon":""
            }
        ]
    },
    {
        "title":"Profile",
        "icon":"",
        "children":[
            {
                "title":"Home",
                "icon":"",
                "path":"/"
            },
            {
                "title":"About",
                "icon":"",
                "path":"/"
            },
            {
                "title":"Contact",
                "icon":"",
                "children":[
                    {
                        "title":"FB",
                        "icon":""
                    },
                    {
                        "title":"TW",
                        "icon":""
                    }
                ]
            },
            {
                "title":"FAq",
                "icon":""
            }
        ]
    }
]